Obj,Location,S,Y,Month,Value,Value_ACF
Temp_Obj,Powell,Max,y1,M1,8000,482960
Temp_Obj,Powell,Max,y1,M2,8000,482960
Temp_Obj,Powell,Max,y1,M3,8000,482960
Temp_Obj,Powell,Max,y1,M4,8000,482960
Temp_Obj,Powell,Max,y1,M5,8000,482960
Temp_Obj,Powell,Max,y1,M6,8000,482960
Temp_Obj,Powell,Max,y1,M7,8000,482960
Temp_Obj,Powell,Max,y1,M8,8000,482960
Temp_Obj,Powell,Max,y1,M9,8000,482960
Temp_Obj,Powell,Max,y1,M10,8000,482960
Temp_Obj,Powell,Max,y1,M11,8000,482960
Temp_Obj,Powell,Max,y1,M12,8000,482960
Temp_Obj,Powell,Max,y2,M1,8000,482960
Temp_Obj,Powell,Max,y2,M2,8000,482960
Temp_Obj,Powell,Max,y2,M3,8000,482960
Temp_Obj,Powell,Max,y2,M4,46500,2807205
Temp_Obj,Powell,Max,y2,M5,8000,482960
Temp_Obj,Powell,Max,y2,M6,8000,482960
Temp_Obj,Powell,Max,y2,M7,8000,482960
Temp_Obj,Powell,Max,y2,M8,8000,482960
Temp_Obj,Powell,Max,y2,M9,8000,482960
Temp_Obj,Powell,Max,y2,M10,8000,482960
Temp_Obj,Powell,Max,y2,M11,8000,482960
Temp_Obj,Powell,Max,y2,M12,8000,482960
Temp_Obj,Powell,Max,y3,M1,8000,482960
Temp_Obj,Powell,Max,y3,M2,8000,482960
Temp_Obj,Powell,Max,y3,M3,8000,482960
Temp_Obj,Powell,Max,y3,M4,8000,482960
Temp_Obj,Powell,Max,y3,M5,8000,482960
Temp_Obj,Powell,Max,y3,M6,8000,482960
Temp_Obj,Powell,Max,y3,M7,8000,482960
Temp_Obj,Powell,Max,y3,M8,8000,482960
Temp_Obj,Powell,Max,y3,M9,8000,482960
Temp_Obj,Powell,Max,y3,M10,8000,482960
Temp_Obj,Powell,Max,y3,M11,8000,482960
Temp_Obj,Powell,Max,y3,M12,8000,482960
Temp_Obj,Powell,Min,y1,M1,46500,2807205
Temp_Obj,Powell,Min,y1,M2,8000,482960
Temp_Obj,Powell,Min,y1,M3,8000,482960
Temp_Obj,Powell,Min,y1,M4,8000,482960
Temp_Obj,Powell,Min,y1,M5,8000,482960
Temp_Obj,Powell,Min,y1,M6,8000,482960
Temp_Obj,Powell,Min,y1,M7,8000,482960
Temp_Obj,Powell,Min,y1,M8,8000,482960
Temp_Obj,Powell,Min,y1,M9,8000,482960
Temp_Obj,Powell,Min,y1,M10,8000,482960
Temp_Obj,Powell,Min,y1,M11,8000,482960
Temp_Obj,Powell,Min,y1,M12,8000,482960
Temp_Obj,Powell,Min,y2,M1,8000,482960
Temp_Obj,Powell,Min,y2,M2,8000,482960
Temp_Obj,Powell,Min,y2,M3,8000,482960
Temp_Obj,Powell,Min,y2,M4,8000,482960
Temp_Obj,Powell,Min,y2,M5,8000,482960
Temp_Obj,Powell,Min,y2,M6,8000,482960
Temp_Obj,Powell,Min,y2,M7,8000,482960
Temp_Obj,Powell,Min,y2,M8,8000,482960
Temp_Obj,Powell,Min,y2,M9,8000,482960
Temp_Obj,Powell,Min,y2,M10,8000,482960
Temp_Obj,Powell,Min,y2,M11,8000,482960
Temp_Obj,Powell,Min,y2,M12,8000,482960
Temp_Obj,Powell,Min,y3,M1,8000,482960
Temp_Obj,Powell,Min,y3,M2,8000,482960
Temp_Obj,Powell,Min,y3,M3,8000,482960
Temp_Obj,Powell,Min,y3,M4,8000,482960
Temp_Obj,Powell,Min,y3,M5,8000,482960
Temp_Obj,Powell,Min,y3,M6,8000,482960
Temp_Obj,Powell,Min,y3,M7,8000,482960
Temp_Obj,Powell,Min,y3,M8,8000,482960
Temp_Obj,Powell,Min,y3,M9,8000,482960
Temp_Obj,Powell,Min,y3,M10,8000,482960
Temp_Obj,Powell,Min,y3,M11,8000,482960
Temp_Obj,Powell,Min,y3,M12,8000,482960
Temp_Obj,Powell,Valid,y1,M1,13000,784810
Temp_Obj,Powell,Valid,y1,M2,13000,784810
Temp_Obj,Powell,Valid,y1,M3,13000,784810
Temp_Obj,Powell,Valid,y1,M4,13000,784810
Temp_Obj,Powell,Valid,y1,M5,13000,784810
Temp_Obj,Powell,Valid,y1,M6,13000,784810
Temp_Obj,Powell,Valid,y1,M7,13000,784810
Temp_Obj,Powell,Valid,y1,M8,13000,784810
Temp_Obj,Powell,Valid,y1,M9,13000,784810
Temp_Obj,Powell,Valid,y1,M10,13000,784810
Temp_Obj,Powell,Valid,y1,M11,13000,784810
Temp_Obj,Powell,Valid,y1,M12,13000,784810
Temp_Obj,Powell,Valid,y2,M1,13000,784810
Temp_Obj,Powell,Valid,y2,M2,13000,784810
Temp_Obj,Powell,Valid,y2,M3,13000,784810
Temp_Obj,Powell,Valid,y2,M4,13000,784810
Temp_Obj,Powell,Valid,y2,M5,13000,784810
Temp_Obj,Powell,Valid,y2,M6,13000,784810
Temp_Obj,Powell,Valid,y2,M7,13000,784810
Temp_Obj,Powell,Valid,y2,M8,13000,784810
Temp_Obj,Powell,Valid,y2,M9,13000,784810
Temp_Obj,Powell,Valid,y2,M10,13000,784810
Temp_Obj,Powell,Valid,y2,M11,13000,784810
Temp_Obj,Powell,Valid,y2,M12,13000,784810
Temp_Obj,Powell,Valid,y3,M1,13000,784810
Temp_Obj,Powell,Valid,y3,M2,13000,784810
Temp_Obj,Powell,Valid,y3,M3,13000,784810
Temp_Obj,Powell,Valid,y3,M4,13000,784810
Temp_Obj,Powell,Valid,y3,M5,13000,784810
Temp_Obj,Powell,Valid,y3,M6,13000,784810
Temp_Obj,Powell,Valid,y3,M7,13000,784810
Temp_Obj,Powell,Valid,y3,M8,13000,784810
Temp_Obj,Powell,Valid,y3,M9,13000,784810
Temp_Obj,Powell,Valid,y3,M10,13000,784810
Temp_Obj,Powell,Valid,y3,M11,13000,784810
Temp_Obj,Powell,Valid,y3,M12,13000,784810
Temp_Obj,Powell,Frac,y1,M1,10453.36977,631070
Temp_Obj,Powell,Frac,y1,M2,10785.00588,651091
Temp_Obj,Powell,Frac,y1,M3,11644.13645,702957
Temp_Obj,Powell,Frac,y1,M4,9848.256457,594539
Temp_Obj,Powell,Frac,y1,M5,9639.519359,581938
Temp_Obj,Powell,Frac,y1,M6,9197.065622,555227
Temp_Obj,Powell,Frac,y1,M7,8473.520249,511546
Temp_Obj,Powell,Frac,y1,M8,8159.983921,492618
Temp_Obj,Powell,Frac,y1,M9,8847.352025,534115
Temp_Obj,Powell,Frac,y1,M10,9663.350417,583376
Temp_Obj,Powell,Frac,y1,M11,10314.54125,622689
Temp_Obj,Powell,Frac,y1,M12,8000,482960
Temp_Obj,Powell,Frac,y2,M1,10453.36977,631070
Temp_Obj,Powell,Frac,y2,M2,10785.00588,651091
Temp_Obj,Powell,Frac,y2,M3,11644.13645,702957
Temp_Obj,Powell,Frac,y2,M4,9848.256457,594539
Temp_Obj,Powell,Frac,y2,M5,9639.519359,581938
Temp_Obj,Powell,Frac,y2,M6,9197.065622,555227
Temp_Obj,Powell,Frac,y2,M7,8473.520249,511546
Temp_Obj,Powell,Frac,y2,M8,8159.983921,492618
Temp_Obj,Powell,Frac,y2,M9,8847.352025,534115
Temp_Obj,Powell,Frac,y2,M10,9663.350417,583376
Temp_Obj,Powell,Frac,y2,M11,10314.54125,622689
Temp_Obj,Powell,Frac,y2,M12,8000,482960
Temp_Obj,Powell,Frac,y3,M1,10453.36977,631070
Temp_Obj,Powell,Frac,y3,M2,10785.00588,651091
Temp_Obj,Powell,Frac,y3,M3,11644.13645,702957
Temp_Obj,Powell,Frac,y3,M4,9848.256457,594539
Temp_Obj,Powell,Frac,y3,M5,9307.12214,561871
Temp_Obj,Powell,Frac,y3,M6,9197.065622,555227
Temp_Obj,Powell,Frac,y3,M7,8473.520249,511546
Temp_Obj,Powell,Frac,y3,M8,8159.983921,492618
Temp_Obj,Powell,Frac,y3,M9,8847.352025,534115
Temp_Obj,Powell,Frac,y3,M10,9663.350417,583376
Temp_Obj,Powell,Frac,y3,M11,10314.54125,622689
Temp_Obj,Powell,Frac,y3,M12,8000,482960
Temp_Obj,Mead,Max,y1,M1,53739.09803,3244229
Temp_Obj,Mead,Max,y1,M2,8000,482960
Temp_Obj,Mead,Max,y1,M3,8000,482960
Temp_Obj,Mead,Max,y1,M4,8000,482960
Temp_Obj,Mead,Max,y1,M5,8000,482960
Temp_Obj,Mead,Max,y1,M6,8000,482960
Temp_Obj,Mead,Max,y1,M7,8000,482960
Temp_Obj,Mead,Max,y1,M8,8000,482960
Temp_Obj,Mead,Max,y1,M9,8000,482960
Temp_Obj,Mead,Max,y1,M10,8000,482960
Temp_Obj,Mead,Max,y1,M11,8000,482960
Temp_Obj,Mead,Max,y1,M12,8000,482960
Temp_Obj,Mead,Max,y2,M1,8000,482960
Temp_Obj,Mead,Max,y2,M2,8000,482960
Temp_Obj,Mead,Max,y2,M3,8000,482960
Temp_Obj,Mead,Max,y2,M4,8000,482960
Temp_Obj,Mead,Max,y2,M5,8000,482960
Temp_Obj,Mead,Max,y2,M6,8000,482960
Temp_Obj,Mead,Max,y2,M7,8000,482960
Temp_Obj,Mead,Max,y2,M8,8000,482960
Temp_Obj,Mead,Max,y2,M9,8000,482960
Temp_Obj,Mead,Max,y2,M10,8000,482960
Temp_Obj,Mead,Max,y2,M11,8000,482960
Temp_Obj,Mead,Max,y2,M12,8000,482960
Temp_Obj,Mead,Max,y3,M1,8000,482960
Temp_Obj,Mead,Max,y3,M2,8000,482960
Temp_Obj,Mead,Max,y3,M3,8000,482960
Temp_Obj,Mead,Max,y3,M4,8000,482960
Temp_Obj,Mead,Max,y3,M5,8000,482960
Temp_Obj,Mead,Max,y3,M6,8000,482960
Temp_Obj,Mead,Max,y3,M7,8000,482960
Temp_Obj,Mead,Max,y3,M8,8000,482960
Temp_Obj,Mead,Max,y3,M9,8000,482960
Temp_Obj,Mead,Max,y3,M10,8000,482960
Temp_Obj,Mead,Max,y3,M11,8000,482960
Temp_Obj,Mead,Max,y3,M12,8000,482960
Temp_Obj,Mead,Min,y1,M1,53102.83762,3205818
Temp_Obj,Mead,Min,y1,M2,8000,482960
Temp_Obj,Mead,Min,y1,M3,8000,482960
Temp_Obj,Mead,Min,y1,M4,8000,482960
Temp_Obj,Mead,Min,y1,M5,8000,482960
Temp_Obj,Mead,Min,y1,M6,8000,482960
Temp_Obj,Mead,Min,y1,M7,8000,482960
Temp_Obj,Mead,Min,y1,M8,8000,482960
Temp_Obj,Mead,Min,y1,M9,8000,482960
Temp_Obj,Mead,Min,y1,M10,8000,482960
Temp_Obj,Mead,Min,y1,M11,8000,482960
Temp_Obj,Mead,Min,y1,M12,8000,482960
Temp_Obj,Mead,Min,y2,M1,8000,482960
Temp_Obj,Mead,Min,y2,M2,8000,482960
Temp_Obj,Mead,Min,y2,M3,8000,482960
Temp_Obj,Mead,Min,y2,M4,8000,482960
Temp_Obj,Mead,Min,y2,M5,8000,482960
Temp_Obj,Mead,Min,y2,M6,8000,482960
Temp_Obj,Mead,Min,y2,M7,8000,482960
Temp_Obj,Mead,Min,y2,M8,8000,482960
Temp_Obj,Mead,Min,y2,M9,8000,482960
Temp_Obj,Mead,Min,y2,M10,8000,482960
Temp_Obj,Mead,Min,y2,M11,8000,482960
Temp_Obj,Mead,Min,y2,M12,8000,482960
Temp_Obj,Mead,Min,y3,M1,8000,482960
Temp_Obj,Mead,Min,y3,M2,8000,482960
Temp_Obj,Mead,Min,y3,M3,8000,482960
Temp_Obj,Mead,Min,y3,M4,8000,482960
Temp_Obj,Mead,Min,y3,M5,8000,482960
Temp_Obj,Mead,Min,y3,M6,8000,482960
Temp_Obj,Mead,Min,y3,M7,8000,482960
Temp_Obj,Mead,Min,y3,M8,8000,482960
Temp_Obj,Mead,Min,y3,M9,8000,482960
Temp_Obj,Mead,Min,y3,M10,8000,482960
Temp_Obj,Mead,Min,y3,M11,8000,482960
Temp_Obj,Mead,Min,y3,M12,8000,482960
Temp_Obj,Mead,Valid,y1,M1,15000,905550
Temp_Obj,Mead,Valid,y1,M2,15000,905550
Temp_Obj,Mead,Valid,y1,M3,15000,905550
Temp_Obj,Mead,Valid,y1,M4,15000,905550
Temp_Obj,Mead,Valid,y1,M5,15000,905550
Temp_Obj,Mead,Valid,y1,M6,15000,905550
Temp_Obj,Mead,Valid,y1,M7,15000,905550
Temp_Obj,Mead,Valid,y1,M8,15000,905550
Temp_Obj,Mead,Valid,y1,M9,15000,905550
Temp_Obj,Mead,Valid,y1,M10,15000,905550
Temp_Obj,Mead,Valid,y1,M11,15000,905550
Temp_Obj,Mead,Valid,y1,M12,15000,905550
Temp_Obj,Mead,Valid,y2,M1,15000,905550
Temp_Obj,Mead,Valid,y2,M2,15000,905550
Temp_Obj,Mead,Valid,y2,M3,15000,905550
Temp_Obj,Mead,Valid,y2,M4,15000,905550
Temp_Obj,Mead,Valid,y2,M5,15000,905550
Temp_Obj,Mead,Valid,y2,M6,15000,905550
Temp_Obj,Mead,Valid,y2,M7,15000,905550
Temp_Obj,Mead,Valid,y2,M8,15000,905550
Temp_Obj,Mead,Valid,y2,M9,15000,905550
Temp_Obj,Mead,Valid,y2,M10,15000,905550
Temp_Obj,Mead,Valid,y2,M11,15000,905550
Temp_Obj,Mead,Valid,y2,M12,15000,905550
Temp_Obj,Mead,Valid,y3,M1,15000,905550
Temp_Obj,Mead,Valid,y3,M2,15000,905550
Temp_Obj,Mead,Valid,y3,M3,15000,905550
Temp_Obj,Mead,Valid,y3,M4,15000,905550
Temp_Obj,Mead,Valid,y3,M5,15000,905550
Temp_Obj,Mead,Valid,y3,M6,15000,905550
Temp_Obj,Mead,Valid,y3,M7,15000,905550
Temp_Obj,Mead,Valid,y3,M8,15000,905550
Temp_Obj,Mead,Valid,y3,M9,15000,905550
Temp_Obj,Mead,Valid,y3,M10,15000,905550
Temp_Obj,Mead,Valid,y3,M11,15000,905550
Temp_Obj,Mead,Valid,y3,M12,15000,905550
Temp_Obj,Mead,Frac,y1,M1,15680.05466,946605
Temp_Obj,Mead,Frac,y1,M2,16177.50883,976636
Temp_Obj,Mead,Frac,y1,M3,17466.20468,1054435
Temp_Obj,Mead,Frac,y1,M4,9848.256457,594539
Temp_Obj,Mead,Frac,y1,M5,9630.618603,581400
Temp_Obj,Mead,Frac,y1,M6,9197.065622,555227
Temp_Obj,Mead,Frac,y1,M7,8473.520249,511546
Temp_Obj,Mead,Frac,y1,M8,8159.983921,492618
Temp_Obj,Mead,Frac,y1,M9,8847.352025,534115
Temp_Obj,Mead,Frac,y1,M10,9663.350417,583376
Temp_Obj,Mead,Frac,y1,M11,10322.58065,623174
Temp_Obj,Mead,Frac,y1,M12,8000,482960
Temp_Obj,Mead,Frac,y2,M1,15680.05466,946605
Temp_Obj,Mead,Frac,y2,M2,16177.50883,976636
Temp_Obj,Mead,Frac,y2,M3,17466.20468,1054435
Temp_Obj,Mead,Frac,y2,M4,9848.256457,594539
Temp_Obj,Mead,Frac,y2,M5,9639.519359,581938
Temp_Obj,Mead,Frac,y2,M6,9197.065622,555227
Temp_Obj,Mead,Frac,y2,M7,8473.520249,511546
Temp_Obj,Mead,Frac,y2,M8,8159.983921,492618
Temp_Obj,Mead,Frac,y2,M9,8847.352025,534115
Temp_Obj,Mead,Frac,y2,M10,9663.350417,583376
Temp_Obj,Mead,Frac,y2,M11,10314.54125,622689
Temp_Obj,Mead,Frac,y2,M12,8000,482960
Temp_Obj,Mead,Frac,y3,M1,15680.05466,946605
Temp_Obj,Mead,Frac,y3,M2,16177.50883,976636
Temp_Obj,Mead,Frac,y3,M3,17466.20468,1054435
Temp_Obj,Mead,Frac,y3,M4,9848.256457,594539
Temp_Obj,Mead,Frac,y3,M5,9307.12214,561871
Temp_Obj,Mead,Frac,y3,M6,9197.065622,555227
Temp_Obj,Mead,Frac,y3,M7,8473.520249,511546
Temp_Obj,Mead,Frac,y3,M8,8159.983921,492618
Temp_Obj,Mead,Frac,y3,M9,8847.352025,534115
Temp_Obj,Mead,Frac,y3,M10,9663.350417,583376
Temp_Obj,Mead,Frac,y3,M11,10314.54125,622689
Temp_Obj,Mead,Frac,y3,M12,8000,482960
UB_Del,Powell,Max,y1,M1,8000,482960
UB_Del,Powell,Max,y1,M2,8000,482960
UB_Del,Powell,Max,y1,M3,39101.38788,2360551
UB_Del,Powell,Max,y1,M4,39078.9301,2359195
UB_Del,Powell,Max,y1,M5,39776.7527,2401323
UB_Del,Powell,Max,y1,M6,8000,482960
UB_Del,Powell,Max,y1,M7,8000,482960
UB_Del,Powell,Max,y1,M8,8000,482960
UB_Del,Powell,Max,y1,M9,8000,482960
UB_Del,Powell,Max,y1,M10,8000,482960
UB_Del,Powell,Max,y1,M11,8000,482960
UB_Del,Powell,Max,y1,M12,8000,482960
UB_Del,Powell,Max,y2,M1,8000,482960
UB_Del,Powell,Max,y2,M2,8000,482960
UB_Del,Powell,Max,y2,M3,8000,482960
UB_Del,Powell,Max,y2,M4,8000,482960
UB_Del,Powell,Max,y2,M5,8000,482960
UB_Del,Powell,Max,y2,M6,8000,482960
UB_Del,Powell,Max,y2,M7,8000,482960
UB_Del,Powell,Max,y2,M8,8000,482960
UB_Del,Powell,Max,y2,M9,8000,482960
UB_Del,Powell,Max,y2,M10,8000,482960
UB_Del,Powell,Max,y2,M11,8000,482960
UB_Del,Powell,Max,y2,M12,8000,482960
UB_Del,Powell,Max,y3,M1,8000,482960
UB_Del,Powell,Max,y3,M2,8000,482960
UB_Del,Powell,Max,y3,M3,8000,482960
UB_Del,Powell,Max,y3,M4,8000,482960
UB_Del,Powell,Max,y3,M5,8000,482960
UB_Del,Powell,Max,y3,M6,8000,482960
UB_Del,Powell,Max,y3,M7,8000,482960
UB_Del,Powell,Max,y3,M8,8000,482960
UB_Del,Powell,Max,y3,M9,8000,482960
UB_Del,Powell,Max,y3,M10,8000,482960
UB_Del,Powell,Max,y3,M11,8000,482960
UB_Del,Powell,Max,y3,M12,8000,482960
UB_Del,Powell,Min,y1,M1,26793.76189,1617539
UB_Del,Powell,Min,y1,M2,8000,482960
UB_Del,Powell,Min,y1,M3,8000,482960
UB_Del,Powell,Min,y1,M4,8000,482960
UB_Del,Powell,Min,y1,M5,8000,482960
UB_Del,Powell,Min,y1,M6,8000,482960
UB_Del,Powell,Min,y1,M7,8000,482960
UB_Del,Powell,Min,y1,M8,8000,482960
UB_Del,Powell,Min,y1,M9,8000,482960
UB_Del,Powell,Min,y1,M10,8000,482960
UB_Del,Powell,Min,y1,M11,8000,482960
UB_Del,Powell,Min,y1,M12,8000,482960
UB_Del,Powell,Min,y2,M1,8000,482960
UB_Del,Powell,Min,y2,M2,8000,482960
UB_Del,Powell,Min,y2,M3,8000,482960
UB_Del,Powell,Min,y2,M4,8000,482960
UB_Del,Powell,Min,y2,M5,8000,482960
UB_Del,Powell,Min,y2,M6,9548.925514,576469
UB_Del,Powell,Min,y2,M7,8000,482960
UB_Del,Powell,Min,y2,M8,9557.927556,577012
UB_Del,Powell,Min,y2,M9,8000,482960
UB_Del,Powell,Min,y2,M10,9562.448166,577285
UB_Del,Powell,Min,y2,M11,9562.448166,577285
UB_Del,Powell,Min,y2,M12,8000,482960
UB_Del,Powell,Min,y3,M1,9562.44534,577285
UB_Del,Powell,Min,y3,M2,8000,482960
UB_Del,Powell,Min,y3,M3,9566.97906,577559
UB_Del,Powell,Min,y3,M4,9571.525927,577833
UB_Del,Powell,Min,y3,M5,8000,482960
UB_Del,Powell,Min,y3,M6,9580.659257,578384
UB_Del,Powell,Min,y3,M7,8000,482960
UB_Del,Powell,Min,y3,M8,9589.845638,578939
UB_Del,Powell,Min,y3,M9,9543.024662,576112
UB_Del,Powell,Min,y3,M10,9594.458818,579217
UB_Del,Powell,Min,y3,M11,9594.458818,579217
UB_Del,Powell,Min,y3,M12,8000,482960
UB_Del,Powell,Valid,y1,M1,13000,784810
UB_Del,Powell,Valid,y1,M2,13000,784810
UB_Del,Powell,Valid,y1,M3,13000,784810
UB_Del,Powell,Valid,y1,M4,13000,784810
UB_Del,Powell,Valid,y1,M5,13000,784810
UB_Del,Powell,Valid,y1,M6,13000,784810
UB_Del,Powell,Valid,y1,M7,13000,784810
UB_Del,Powell,Valid,y1,M8,13000,784810
UB_Del,Powell,Valid,y1,M9,13000,784810
UB_Del,Powell,Valid,y1,M10,13000,784810
UB_Del,Powell,Valid,y1,M11,13000,784810
UB_Del,Powell,Valid,y1,M12,13000,784810
UB_Del,Powell,Valid,y2,M1,13000,784810
UB_Del,Powell,Valid,y2,M2,13000,784810
UB_Del,Powell,Valid,y2,M3,13000,784810
UB_Del,Powell,Valid,y2,M4,13000,784810
UB_Del,Powell,Valid,y2,M5,13000,784810
UB_Del,Powell,Valid,y2,M6,13000,784810
UB_Del,Powell,Valid,y2,M7,13000,784810
UB_Del,Powell,Valid,y2,M8,13000,784810
UB_Del,Powell,Valid,y2,M9,13000,784810
UB_Del,Powell,Valid,y2,M10,13000,784810
UB_Del,Powell,Valid,y2,M11,13000,784810
UB_Del,Powell,Valid,y2,M12,13000,784810
UB_Del,Powell,Valid,y3,M1,13000,784810
UB_Del,Powell,Valid,y3,M2,13000,784810
UB_Del,Powell,Valid,y3,M3,13000,784810
UB_Del,Powell,Valid,y3,M4,13000,784810
UB_Del,Powell,Valid,y3,M5,13000,784810
UB_Del,Powell,Valid,y3,M6,13000,784810
UB_Del,Powell,Valid,y3,M7,13000,784810
UB_Del,Powell,Valid,y3,M8,13000,784810
UB_Del,Powell,Valid,y3,M9,13000,784810
UB_Del,Powell,Valid,y3,M10,13000,784810
UB_Del,Powell,Valid,y3,M11,13000,784810
UB_Del,Powell,Valid,y3,M12,13000,784810
UB_Del,Powell,Frac,y1,M1,10453.36977,631070
UB_Del,Powell,Frac,y1,M2,10785.00588,651091
UB_Del,Powell,Frac,y1,M3,11644.13645,702957
UB_Del,Powell,Frac,y1,M4,9848.256457,594539
UB_Del,Powell,Frac,y1,M5,9639.519359,581938
UB_Del,Powell,Frac,y1,M6,9197.065622,555227
UB_Del,Powell,Frac,y1,M7,8473.520249,511546
UB_Del,Powell,Frac,y1,M8,8159.983921,492618
UB_Del,Powell,Frac,y1,M9,8847.352025,534115
UB_Del,Powell,Frac,y1,M10,9663.350417,583376
UB_Del,Powell,Frac,y1,M11,10322.58065,623174
UB_Del,Powell,Frac,y1,M12,8000,482960
UB_Del,Powell,Frac,y2,M1,10453.36977,631070
UB_Del,Powell,Frac,y2,M2,10785.00588,651091
UB_Del,Powell,Frac,y2,M3,11644.13645,702957
UB_Del,Powell,Frac,y2,M4,9848.256457,594539
UB_Del,Powell,Frac,y2,M5,9639.519359,581938
UB_Del,Powell,Frac,y2,M6,9197.065622,555227
UB_Del,Powell,Frac,y2,M7,8473.520249,511546
UB_Del,Powell,Frac,y2,M8,8159.983921,492618
UB_Del,Powell,Frac,y2,M9,8847.352025,534115
UB_Del,Powell,Frac,y2,M10,9663.350417,583376
UB_Del,Powell,Frac,y2,M11,10322.58065,623174
UB_Del,Powell,Frac,y2,M12,8000,482960
UB_Del,Powell,Frac,y3,M1,10453.36977,631070
UB_Del,Powell,Frac,y3,M2,10785.00588,651091
UB_Del,Powell,Frac,y3,M3,11644.13645,702957
UB_Del,Powell,Frac,y3,M4,9848.256457,594539
UB_Del,Powell,Frac,y3,M5,9307.12214,561871
UB_Del,Powell,Frac,y3,M6,9197.065622,555227
UB_Del,Powell,Frac,y3,M7,8473.520249,511546
UB_Del,Powell,Frac,y3,M8,8159.983921,492618
UB_Del,Powell,Frac,y3,M9,8847.352025,534115
UB_Del,Powell,Frac,y3,M10,9663.350417,583376
UB_Del,Powell,Frac,y3,M11,10322.58065,623174
UB_Del,Powell,Frac,y3,M12,8000,482960
UB_Del,Mead,Max,y1,M1,105697.261,6380944
UB_Del,Mead,Max,y1,M2,8000,482960
UB_Del,Mead,Max,y1,M3,8000,482960
UB_Del,Mead,Max,y1,M4,8000,482960
UB_Del,Mead,Max,y1,M5,8000,482960
UB_Del,Mead,Max,y1,M6,8000,482960
UB_Del,Mead,Max,y1,M7,8000,482960
UB_Del,Mead,Max,y1,M8,8000,482960
UB_Del,Mead,Max,y1,M9,8000,482960
UB_Del,Mead,Max,y1,M10,8000,482960
UB_Del,Mead,Max,y1,M11,8000,482960
UB_Del,Mead,Max,y1,M12,8000,482960
UB_Del,Mead,Max,y2,M1,8000,482960
UB_Del,Mead,Max,y2,M2,8000,482960
UB_Del,Mead,Max,y2,M3,8000,482960
UB_Del,Mead,Max,y2,M4,8000,482960
UB_Del,Mead,Max,y2,M5,8000,482960
UB_Del,Mead,Max,y2,M6,8000,482960
UB_Del,Mead,Max,y2,M7,8000,482960
UB_Del,Mead,Max,y2,M8,8000,482960
UB_Del,Mead,Max,y2,M9,8000,482960
UB_Del,Mead,Max,y2,M10,8000,482960
UB_Del,Mead,Max,y2,M11,8000,482960
UB_Del,Mead,Max,y2,M12,8000,482960
UB_Del,Mead,Max,y3,M1,8000,482960
UB_Del,Mead,Max,y3,M2,8000,482960
UB_Del,Mead,Max,y3,M3,8000,482960
UB_Del,Mead,Max,y3,M4,8000,482960
UB_Del,Mead,Max,y3,M5,8000,482960
UB_Del,Mead,Max,y3,M6,8000,482960
UB_Del,Mead,Max,y3,M7,8000,482960
UB_Del,Mead,Max,y3,M8,8000,482960
UB_Del,Mead,Max,y3,M9,8000,482960
UB_Del,Mead,Max,y3,M10,8000,482960
UB_Del,Mead,Max,y3,M11,8000,482960
UB_Del,Mead,Max,y3,M12,8000,482960
UB_Del,Mead,Min,y1,M1,52820.08789,3188749
UB_Del,Mead,Min,y1,M2,8000,482960
UB_Del,Mead,Min,y1,M3,8000,482960
UB_Del,Mead,Min,y1,M4,8000,482960
UB_Del,Mead,Min,y1,M5,8000,482960
UB_Del,Mead,Min,y1,M6,8000,482960
UB_Del,Mead,Min,y1,M7,8000,482960
UB_Del,Mead,Min,y1,M8,8000,482960
UB_Del,Mead,Min,y1,M9,8000,482960
UB_Del,Mead,Min,y1,M10,8000,482960
UB_Del,Mead,Min,y1,M11,8000,482960
UB_Del,Mead,Min,y1,M12,8000,482960
UB_Del,Mead,Min,y2,M1,8000,482960
UB_Del,Mead,Min,y2,M2,8000,482960
UB_Del,Mead,Min,y2,M3,8000,482960
UB_Del,Mead,Min,y2,M4,8000,482960
UB_Del,Mead,Min,y2,M5,8000,482960
UB_Del,Mead,Min,y2,M6,8000,482960
UB_Del,Mead,Min,y2,M7,8000,482960
UB_Del,Mead,Min,y2,M8,8000,482960
UB_Del,Mead,Min,y2,M9,8000,482960
UB_Del,Mead,Min,y2,M10,8000,482960
UB_Del,Mead,Min,y2,M11,8000,482960
UB_Del,Mead,Min,y2,M12,8000,482960
UB_Del,Mead,Min,y3,M1,8000,482960
UB_Del,Mead,Min,y3,M2,8000,482960
UB_Del,Mead,Min,y3,M3,8000,482960
UB_Del,Mead,Min,y3,M4,8000,482960
UB_Del,Mead,Min,y3,M5,8000,482960
UB_Del,Mead,Min,y3,M6,8000,482960
UB_Del,Mead,Min,y3,M7,8000,482960
UB_Del,Mead,Min,y3,M8,8000,482960
UB_Del,Mead,Min,y3,M9,8000,482960
UB_Del,Mead,Min,y3,M10,8000,482960
UB_Del,Mead,Min,y3,M11,8000,482960
UB_Del,Mead,Min,y3,M12,8000,482960
UB_Del,Mead,Valid,y1,M1,15000,905550
UB_Del,Mead,Valid,y1,M2,15000,905550
UB_Del,Mead,Valid,y1,M3,15000,905550
UB_Del,Mead,Valid,y1,M4,15000,905550
UB_Del,Mead,Valid,y1,M5,15000,905550
UB_Del,Mead,Valid,y1,M6,15000,905550
UB_Del,Mead,Valid,y1,M7,15000,905550
UB_Del,Mead,Valid,y1,M8,15000,905550
UB_Del,Mead,Valid,y1,M9,15000,905550
UB_Del,Mead,Valid,y1,M10,15000,905550
UB_Del,Mead,Valid,y1,M11,15000,905550
UB_Del,Mead,Valid,y1,M12,15000,905550
UB_Del,Mead,Valid,y2,M1,15000,905550
UB_Del,Mead,Valid,y2,M2,15000,905550
UB_Del,Mead,Valid,y2,M3,15000,905550
UB_Del,Mead,Valid,y2,M4,15000,905550
UB_Del,Mead,Valid,y2,M5,15000,905550
UB_Del,Mead,Valid,y2,M6,15000,905550
UB_Del,Mead,Valid,y2,M7,15000,905550
UB_Del,Mead,Valid,y2,M8,15000,905550
UB_Del,Mead,Valid,y2,M9,15000,905550
UB_Del,Mead,Valid,y2,M10,15000,905550
UB_Del,Mead,Valid,y2,M11,15000,905550
UB_Del,Mead,Valid,y2,M12,15000,905550
UB_Del,Mead,Valid,y3,M1,15000,905550
UB_Del,Mead,Valid,y3,M2,15000,905550
UB_Del,Mead,Valid,y3,M3,15000,905550
UB_Del,Mead,Valid,y3,M4,15000,905550
UB_Del,Mead,Valid,y3,M5,15000,905550
UB_Del,Mead,Valid,y3,M6,15000,905550
UB_Del,Mead,Valid,y3,M7,15000,905550
UB_Del,Mead,Valid,y3,M8,15000,905550
UB_Del,Mead,Valid,y3,M9,15000,905550
UB_Del,Mead,Valid,y3,M10,15000,905550
UB_Del,Mead,Valid,y3,M11,15000,905550
UB_Del,Mead,Valid,y3,M12,15000,905550
UB_Del,Mead,Frac,y1,M1,15680.05466,946605
UB_Del,Mead,Frac,y1,M2,16177.50883,976636
UB_Del,Mead,Frac,y1,M3,17466.20468,1054435
UB_Del,Mead,Frac,y1,M4,9848.256457,594539
UB_Del,Mead,Frac,y1,M5,9639.519359,581938
UB_Del,Mead,Frac,y1,M6,9197.065622,555227
UB_Del,Mead,Frac,y1,M7,8473.520249,511546
UB_Del,Mead,Frac,y1,M8,8159.983921,492618
UB_Del,Mead,Frac,y1,M9,8847.352025,534115
UB_Del,Mead,Frac,y1,M10,9663.350417,583376
UB_Del,Mead,Frac,y1,M11,10322.58065,623174
UB_Del,Mead,Frac,y1,M12,8000,482960
UB_Del,Mead,Frac,y2,M1,15680.05466,946605
UB_Del,Mead,Frac,y2,M2,16177.50883,976636
UB_Del,Mead,Frac,y2,M3,17466.20468,1054435
UB_Del,Mead,Frac,y2,M4,9848.256457,594539
UB_Del,Mead,Frac,y2,M5,9639.519359,581938
UB_Del,Mead,Frac,y2,M6,9197.065622,555227
UB_Del,Mead,Frac,y2,M7,8473.520249,511546
UB_Del,Mead,Frac,y2,M8,8159.983921,492618
UB_Del,Mead,Frac,y2,M9,8847.352025,534115
UB_Del,Mead,Frac,y2,M10,9663.350417,583376
UB_Del,Mead,Frac,y2,M11,10322.58065,623174
UB_Del,Mead,Frac,y2,M12,8000,482960
UB_Del,Mead,Frac,y3,M1,15680.05466,946605
UB_Del,Mead,Frac,y3,M2,16177.50883,976636
UB_Del,Mead,Frac,y3,M3,17466.20468,1054435
UB_Del,Mead,Frac,y3,M4,9848.256457,594539
UB_Del,Mead,Frac,y3,M5,9307.12214,561871
UB_Del,Mead,Frac,y3,M6,9197.065622,555227
UB_Del,Mead,Frac,y3,M7,8473.520249,511546
UB_Del,Mead,Frac,y3,M8,8159.983921,492618
UB_Del,Mead,Frac,y3,M9,8847.352025,534115
UB_Del,Mead,Frac,y3,M10,9663.350417,583376
UB_Del,Mead,Frac,y3,M11,10322.58065,623174
UB_Del,Mead,Frac,y3,M12,8000,482960
Elev_Mead,Powell,Max,y1,M1,8000,482960
Elev_Mead,Powell,Max,y1,M2,8000,482960
Elev_Mead,Powell,Max,y1,M3,39101.38788,2360551
Elev_Mead,Powell,Max,y1,M4,39078.9301,2359195
Elev_Mead,Powell,Max,y1,M5,39776.7527,2401323
Elev_Mead,Powell,Max,y1,M6,8000,482960
Elev_Mead,Powell,Max,y1,M7,8000,482960
Elev_Mead,Powell,Max,y1,M8,8000,482960
Elev_Mead,Powell,Max,y1,M9,8000,482960
Elev_Mead,Powell,Max,y1,M10,8000,482960
Elev_Mead,Powell,Max,y1,M11,8000,482960
Elev_Mead,Powell,Max,y1,M12,8000,482960
Elev_Mead,Powell,Max,y2,M1,8000,482960
Elev_Mead,Powell,Max,y2,M2,8000,482960
Elev_Mead,Powell,Max,y2,M3,8000,482960
Elev_Mead,Powell,Max,y2,M4,8000,482960
Elev_Mead,Powell,Max,y2,M5,8000,482960
Elev_Mead,Powell,Max,y2,M6,8000,482960
Elev_Mead,Powell,Max,y2,M7,8000,482960
Elev_Mead,Powell,Max,y2,M8,8000,482960
Elev_Mead,Powell,Max,y2,M9,8000,482960
Elev_Mead,Powell,Max,y2,M10,8000,482960
Elev_Mead,Powell,Max,y2,M11,8000,482960
Elev_Mead,Powell,Max,y2,M12,8000,482960
Elev_Mead,Powell,Max,y3,M1,8000,482960
Elev_Mead,Powell,Max,y3,M2,8000,482960
Elev_Mead,Powell,Max,y3,M3,8000,482960
Elev_Mead,Powell,Max,y3,M4,8000,482960
Elev_Mead,Powell,Max,y3,M5,8000,482960
Elev_Mead,Powell,Max,y3,M6,8000,482960
Elev_Mead,Powell,Max,y3,M7,8000,482960
Elev_Mead,Powell,Max,y3,M8,8000,482960
Elev_Mead,Powell,Max,y3,M9,8000,482960
Elev_Mead,Powell,Max,y3,M10,8000,482960
Elev_Mead,Powell,Max,y3,M11,8000,482960
Elev_Mead,Powell,Max,y3,M12,8000,482960
Elev_Mead,Powell,Min,y1,M1,8000,482960
Elev_Mead,Powell,Min,y1,M2,29849.54433,1802017
Elev_Mead,Powell,Min,y1,M3,29237.20044,1765050
Elev_Mead,Powell,Min,y1,M4,29185.85679,1761950
Elev_Mead,Powell,Min,y1,M5,30814.90687,1860296
Elev_Mead,Powell,Min,y1,M6,8000,482960
Elev_Mead,Powell,Min,y1,M7,9783.580424,590635
Elev_Mead,Powell,Min,y1,M8,8000,482960
Elev_Mead,Powell,Min,y1,M9,9793.783259,591251
Elev_Mead,Powell,Min,y1,M10,8000,482960
Elev_Mead,Powell,Min,y1,M11,8000,482960
Elev_Mead,Powell,Min,y1,M12,8000,482960
Elev_Mead,Powell,Min,y2,M1,8000,482960
Elev_Mead,Powell,Min,y2,M2,9793.783259,591251
Elev_Mead,Powell,Min,y2,M3,8000,482960
Elev_Mead,Powell,Min,y2,M4,8000,482960
Elev_Mead,Powell,Min,y2,M5,9688.23019,584878
Elev_Mead,Powell,Min,y2,M6,8000,482960
Elev_Mead,Powell,Min,y2,M7,8000,482960
Elev_Mead,Powell,Min,y2,M8,8000,482960
Elev_Mead,Powell,Min,y2,M9,8000,482960
Elev_Mead,Powell,Min,y2,M10,8000,482960
Elev_Mead,Powell,Min,y2,M11,8000,482960
Elev_Mead,Powell,Min,y2,M12,8000,482960
Elev_Mead,Powell,Min,y3,M1,8000,482960
Elev_Mead,Powell,Min,y3,M2,8000,482960
Elev_Mead,Powell,Min,y3,M3,8000,482960
Elev_Mead,Powell,Min,y3,M4,8000,482960
Elev_Mead,Powell,Min,y3,M5,8000,482960
Elev_Mead,Powell,Min,y3,M6,8000,482960
Elev_Mead,Powell,Min,y3,M7,8000,482960
Elev_Mead,Powell,Min,y3,M8,8000,482960
Elev_Mead,Powell,Min,y3,M9,8000,482960
Elev_Mead,Powell,Min,y3,M10,8000,482960
Elev_Mead,Powell,Min,y3,M11,8000,482960
Elev_Mead,Powell,Min,y3,M12,8000,482960
Elev_Mead,Powell,Valid,y1,M1,13000,784810
Elev_Mead,Powell,Valid,y1,M2,13000,784810
Elev_Mead,Powell,Valid,y1,M3,13000,784810
Elev_Mead,Powell,Valid,y1,M4,13000,784810
Elev_Mead,Powell,Valid,y1,M5,13000,784810
Elev_Mead,Powell,Valid,y1,M6,13000,784810
Elev_Mead,Powell,Valid,y1,M7,13000,784810
Elev_Mead,Powell,Valid,y1,M8,13000,784810
Elev_Mead,Powell,Valid,y1,M9,13000,784810
Elev_Mead,Powell,Valid,y1,M10,13000,784810
Elev_Mead,Powell,Valid,y1,M11,13000,784810
Elev_Mead,Powell,Valid,y1,M12,13000,784810
Elev_Mead,Powell,Valid,y2,M1,13000,784810
Elev_Mead,Powell,Valid,y2,M2,13000,784810
Elev_Mead,Powell,Valid,y2,M3,13000,784810
Elev_Mead,Powell,Valid,y2,M4,13000,784810
Elev_Mead,Powell,Valid,y2,M5,13000,784810
Elev_Mead,Powell,Valid,y2,M6,13000,784810
Elev_Mead,Powell,Valid,y2,M7,13000,784810
Elev_Mead,Powell,Valid,y2,M8,13000,784810
Elev_Mead,Powell,Valid,y2,M9,13000,784810
Elev_Mead,Powell,Valid,y2,M10,13000,784810
Elev_Mead,Powell,Valid,y2,M11,13000,784810
Elev_Mead,Powell,Valid,y2,M12,13000,784810
Elev_Mead,Powell,Valid,y3,M1,13000,784810
Elev_Mead,Powell,Valid,y3,M2,13000,784810
Elev_Mead,Powell,Valid,y3,M3,13000,784810
Elev_Mead,Powell,Valid,y3,M4,13000,784810
Elev_Mead,Powell,Valid,y3,M5,13000,784810
Elev_Mead,Powell,Valid,y3,M6,13000,784810
Elev_Mead,Powell,Valid,y3,M7,13000,784810
Elev_Mead,Powell,Valid,y3,M8,13000,784810
Elev_Mead,Powell,Valid,y3,M9,13000,784810
Elev_Mead,Powell,Valid,y3,M10,13000,784810
Elev_Mead,Powell,Valid,y3,M11,13000,784810
Elev_Mead,Powell,Valid,y3,M12,13000,784810
Elev_Mead,Powell,Frac,y1,M1,10453.36977,631070
Elev_Mead,Powell,Frac,y1,M2,10785.00588,651091
Elev_Mead,Powell,Frac,y1,M3,11644.13645,702957
Elev_Mead,Powell,Frac,y1,M4,9848.256457,594539
Elev_Mead,Powell,Frac,y1,M5,9639.519359,581938
Elev_Mead,Powell,Frac,y1,M6,9197.065622,555227
Elev_Mead,Powell,Frac,y1,M7,8473.520249,511546
Elev_Mead,Powell,Frac,y1,M8,8159.983921,492618
Elev_Mead,Powell,Frac,y1,M9,8847.352025,534115
Elev_Mead,Powell,Frac,y1,M10,9663.350417,583376
Elev_Mead,Powell,Frac,y1,M11,10322.58065,623174
Elev_Mead,Powell,Frac,y1,M12,8000,482960
Elev_Mead,Powell,Frac,y2,M1,10453.36977,631070
Elev_Mead,Powell,Frac,y2,M2,10785.00588,651091
Elev_Mead,Powell,Frac,y2,M3,11644.13645,702957
Elev_Mead,Powell,Frac,y2,M4,9848.256457,594539
Elev_Mead,Powell,Frac,y2,M5,9639.519359,581938
Elev_Mead,Powell,Frac,y2,M6,9197.065622,555227
Elev_Mead,Powell,Frac,y2,M7,8473.520249,511546
Elev_Mead,Powell,Frac,y2,M8,8159.983921,492618
Elev_Mead,Powell,Frac,y2,M9,8847.352025,534115
Elev_Mead,Powell,Frac,y2,M10,9663.350417,583376
Elev_Mead,Powell,Frac,y2,M11,10322.58065,623174
Elev_Mead,Powell,Frac,y2,M12,8000,482960
Elev_Mead,Powell,Frac,y3,M1,10453.36977,631070
Elev_Mead,Powell,Frac,y3,M2,10785.00588,651091
Elev_Mead,Powell,Frac,y3,M3,11644.13645,702957
Elev_Mead,Powell,Frac,y3,M4,9848.256457,594539
Elev_Mead,Powell,Frac,y3,M5,9307.12214,561871
Elev_Mead,Powell,Frac,y3,M6,9197.065622,555227
Elev_Mead,Powell,Frac,y3,M7,8473.520249,511546
Elev_Mead,Powell,Frac,y3,M8,8159.983921,492618
Elev_Mead,Powell,Frac,y3,M9,8847.352025,534115
Elev_Mead,Powell,Frac,y3,M10,9663.350417,583376
Elev_Mead,Powell,Frac,y3,M11,10322.58065,623174
Elev_Mead,Powell,Frac,y3,M12,8000,482960
Elev_Mead,Mead,Max,y1,M1,105697.261,6380944
Elev_Mead,Mead,Max,y1,M2,8000,482960
Elev_Mead,Mead,Max,y1,M3,8000,482960
Elev_Mead,Mead,Max,y1,M4,8000,482960
Elev_Mead,Mead,Max,y1,M5,8000,482960
Elev_Mead,Mead,Max,y1,M6,8000,482960
Elev_Mead,Mead,Max,y1,M7,8000,482960
Elev_Mead,Mead,Max,y1,M8,8000,482960
Elev_Mead,Mead,Max,y1,M9,8000,482960
Elev_Mead,Mead,Max,y1,M10,8000,482960
Elev_Mead,Mead,Max,y1,M11,8000,482960
Elev_Mead,Mead,Max,y1,M12,8000,482960
Elev_Mead,Mead,Max,y2,M1,8000,482960
Elev_Mead,Mead,Max,y2,M2,8000,482960
Elev_Mead,Mead,Max,y2,M3,8000,482960
Elev_Mead,Mead,Max,y2,M4,8000,482960
Elev_Mead,Mead,Max,y2,M5,8000,482960
Elev_Mead,Mead,Max,y2,M6,8000,482960
Elev_Mead,Mead,Max,y2,M7,8000,482960
Elev_Mead,Mead,Max,y2,M8,8000,482960
Elev_Mead,Mead,Max,y2,M9,8000,482960
Elev_Mead,Mead,Max,y2,M10,8000,482960
Elev_Mead,Mead,Max,y2,M11,8000,482960
Elev_Mead,Mead,Max,y2,M12,8000,482960
Elev_Mead,Mead,Max,y3,M1,8000,482960
Elev_Mead,Mead,Max,y3,M2,8000,482960
Elev_Mead,Mead,Max,y3,M3,8000,482960
Elev_Mead,Mead,Max,y3,M4,8000,482960
Elev_Mead,Mead,Max,y3,M5,8000,482960
Elev_Mead,Mead,Max,y3,M6,8000,482960
Elev_Mead,Mead,Max,y3,M7,8000,482960
Elev_Mead,Mead,Max,y3,M8,8000,482960
Elev_Mead,Mead,Max,y3,M9,8000,482960
Elev_Mead,Mead,Max,y3,M10,8000,482960
Elev_Mead,Mead,Max,y3,M11,8000,482960
Elev_Mead,Mead,Max,y3,M12,8000,482960
Elev_Mead,Mead,Min,y1,M1,105746.6929,6383928
Elev_Mead,Mead,Min,y1,M2,8000,482960
Elev_Mead,Mead,Min,y1,M3,8000,482960
Elev_Mead,Mead,Min,y1,M4,8000,482960
Elev_Mead,Mead,Min,y1,M5,8000,482960
Elev_Mead,Mead,Min,y1,M6,8000,482960
Elev_Mead,Mead,Min,y1,M7,8000,482960
Elev_Mead,Mead,Min,y1,M8,8000,482960
Elev_Mead,Mead,Min,y1,M9,8000,482960
Elev_Mead,Mead,Min,y1,M10,8000,482960
Elev_Mead,Mead,Min,y1,M11,8000,482960
Elev_Mead,Mead,Min,y1,M12,8000,482960
Elev_Mead,Mead,Min,y2,M1,8000,482960
Elev_Mead,Mead,Min,y2,M2,8000,482960
Elev_Mead,Mead,Min,y2,M3,8000,482960
Elev_Mead,Mead,Min,y2,M4,8000,482960
Elev_Mead,Mead,Min,y2,M5,8000,482960
Elev_Mead,Mead,Min,y2,M6,8000,482960
Elev_Mead,Mead,Min,y2,M7,8000,482960
Elev_Mead,Mead,Min,y2,M8,8000,482960
Elev_Mead,Mead,Min,y2,M9,8000,482960
Elev_Mead,Mead,Min,y2,M10,8000,482960
Elev_Mead,Mead,Min,y2,M11,8000,482960
Elev_Mead,Mead,Min,y2,M12,8000,482960
Elev_Mead,Mead,Min,y3,M1,8000,482960
Elev_Mead,Mead,Min,y3,M2,8000,482960
Elev_Mead,Mead,Min,y3,M3,8000,482960
Elev_Mead,Mead,Min,y3,M4,8000,482960
Elev_Mead,Mead,Min,y3,M5,8000,482960
Elev_Mead,Mead,Min,y3,M6,8000,482960
Elev_Mead,Mead,Min,y3,M7,8000,482960
Elev_Mead,Mead,Min,y3,M8,8000,482960
Elev_Mead,Mead,Min,y3,M9,8000,482960
Elev_Mead,Mead,Min,y3,M10,8000,482960
Elev_Mead,Mead,Min,y3,M11,8000,482960
Elev_Mead,Mead,Min,y3,M12,8000,482960
Elev_Mead,Mead,Valid,y1,M1,15000,905550
Elev_Mead,Mead,Valid,y1,M2,15000,905550
Elev_Mead,Mead,Valid,y1,M3,15000,905550
Elev_Mead,Mead,Valid,y1,M4,15000,905550
Elev_Mead,Mead,Valid,y1,M5,15000,905550
Elev_Mead,Mead,Valid,y1,M6,15000,905550
Elev_Mead,Mead,Valid,y1,M7,15000,905550
Elev_Mead,Mead,Valid,y1,M8,15000,905550
Elev_Mead,Mead,Valid,y1,M9,15000,905550
Elev_Mead,Mead,Valid,y1,M10,15000,905550
Elev_Mead,Mead,Valid,y1,M11,15000,905550
Elev_Mead,Mead,Valid,y1,M12,15000,905550
Elev_Mead,Mead,Valid,y2,M1,15000,905550
Elev_Mead,Mead,Valid,y2,M2,15000,905550
Elev_Mead,Mead,Valid,y2,M3,15000,905550
Elev_Mead,Mead,Valid,y2,M4,15000,905550
Elev_Mead,Mead,Valid,y2,M5,15000,905550
Elev_Mead,Mead,Valid,y2,M6,15000,905550
Elev_Mead,Mead,Valid,y2,M7,15000,905550
Elev_Mead,Mead,Valid,y2,M8,15000,905550
Elev_Mead,Mead,Valid,y2,M9,15000,905550
Elev_Mead,Mead,Valid,y2,M10,15000,905550
Elev_Mead,Mead,Valid,y2,M11,15000,905550
Elev_Mead,Mead,Valid,y2,M12,15000,905550
Elev_Mead,Mead,Valid,y3,M1,15000,905550
Elev_Mead,Mead,Valid,y3,M2,15000,905550
Elev_Mead,Mead,Valid,y3,M3,15000,905550
Elev_Mead,Mead,Valid,y3,M4,15000,905550
Elev_Mead,Mead,Valid,y3,M5,15000,905550
Elev_Mead,Mead,Valid,y3,M6,15000,905550
Elev_Mead,Mead,Valid,y3,M7,15000,905550
Elev_Mead,Mead,Valid,y3,M8,15000,905550
Elev_Mead,Mead,Valid,y3,M9,15000,905550
Elev_Mead,Mead,Valid,y3,M10,15000,905550
Elev_Mead,Mead,Valid,y3,M11,15000,905550
Elev_Mead,Mead,Valid,y3,M12,15000,905550
Elev_Mead,Mead,Frac,y1,M1,15680.05466,946605
Elev_Mead,Mead,Frac,y1,M2,16177.50883,976636
Elev_Mead,Mead,Frac,y1,M3,17466.20468,1054435
Elev_Mead,Mead,Frac,y1,M4,9848.256457,594539
Elev_Mead,Mead,Frac,y1,M5,9639.519359,581938
Elev_Mead,Mead,Frac,y1,M6,9197.065622,555227
Elev_Mead,Mead,Frac,y1,M7,8473.520249,511546
Elev_Mead,Mead,Frac,y1,M8,8159.983921,492618
Elev_Mead,Mead,Frac,y1,M9,8847.352025,534115
Elev_Mead,Mead,Frac,y1,M10,9663.350417,583376
Elev_Mead,Mead,Frac,y1,M11,10322.58065,623174
Elev_Mead,Mead,Frac,y1,M12,8000,482960
Elev_Mead,Mead,Frac,y2,M1,15680.05466,946605
Elev_Mead,Mead,Frac,y2,M2,16177.50883,976636
Elev_Mead,Mead,Frac,y2,M3,17466.20468,1054435
Elev_Mead,Mead,Frac,y2,M4,9848.256457,594539
Elev_Mead,Mead,Frac,y2,M5,9639.519359,581938
Elev_Mead,Mead,Frac,y2,M6,9197.065622,555227
Elev_Mead,Mead,Frac,y2,M7,8473.520249,511546
Elev_Mead,Mead,Frac,y2,M8,8159.983921,492618
Elev_Mead,Mead,Frac,y2,M9,8847.352025,534115
Elev_Mead,Mead,Frac,y2,M10,9663.350417,583376
Elev_Mead,Mead,Frac,y2,M11,10322.58065,623174
Elev_Mead,Mead,Frac,y2,M12,8000,482960
Elev_Mead,Mead,Frac,y3,M1,15680.05466,946605
Elev_Mead,Mead,Frac,y3,M2,16177.50883,976636
Elev_Mead,Mead,Frac,y3,M3,17466.20468,1054435
Elev_Mead,Mead,Frac,y3,M4,9848.256457,594539
Elev_Mead,Mead,Frac,y3,M5,9307.12214,561871
Elev_Mead,Mead,Frac,y3,M6,9197.065622,555227
Elev_Mead,Mead,Frac,y3,M7,8473.520249,511546
Elev_Mead,Mead,Frac,y3,M8,8159.983921,492618
Elev_Mead,Mead,Frac,y3,M9,8847.352025,534115
Elev_Mead,Mead,Frac,y3,M10,9663.350417,583376
Elev_Mead,Mead,Frac,y3,M11,10322.58065,623174
Elev_Mead,Mead,Frac,y3,M12,8000,482960
LB_Obj,Powell,Max,y1,M1,8000,482960
LB_Obj,Powell,Max,y1,M2,8000,482960
LB_Obj,Powell,Max,y1,M3,39101.38788,2360551
LB_Obj,Powell,Max,y1,M4,39078.9301,2359195
LB_Obj,Powell,Max,y1,M5,39776.7527,2401323
LB_Obj,Powell,Max,y1,M6,8000,482960
LB_Obj,Powell,Max,y1,M7,8000,482960
LB_Obj,Powell,Max,y1,M8,8000,482960
LB_Obj,Powell,Max,y1,M9,8000,482960
LB_Obj,Powell,Max,y1,M10,8000,482960
LB_Obj,Powell,Max,y1,M11,8000,482960
LB_Obj,Powell,Max,y1,M12,8000,482960
LB_Obj,Powell,Max,y2,M1,8000,482960
LB_Obj,Powell,Max,y2,M2,8000,482960
LB_Obj,Powell,Max,y2,M3,8000,482960
LB_Obj,Powell,Max,y2,M4,8000,482960
LB_Obj,Powell,Max,y2,M5,8000,482960
LB_Obj,Powell,Max,y2,M6,8000,482960
LB_Obj,Powell,Max,y2,M7,8000,482960
LB_Obj,Powell,Max,y2,M8,8000,482960
LB_Obj,Powell,Max,y2,M9,8000,482960
LB_Obj,Powell,Max,y2,M10,8000,482960
LB_Obj,Powell,Max,y2,M11,8000,482960
LB_Obj,Powell,Max,y2,M12,8000,482960
LB_Obj,Powell,Max,y3,M1,8000,482960
LB_Obj,Powell,Max,y3,M2,8000,482960
LB_Obj,Powell,Max,y3,M3,8000,482960
LB_Obj,Powell,Max,y3,M4,8000,482960
LB_Obj,Powell,Max,y3,M5,8000,482960
LB_Obj,Powell,Max,y3,M6,8000,482960
LB_Obj,Powell,Max,y3,M7,8000,482960
LB_Obj,Powell,Max,y3,M8,8000,482960
LB_Obj,Powell,Max,y3,M9,8000,482960
LB_Obj,Powell,Max,y3,M10,8000,482960
LB_Obj,Powell,Max,y3,M11,8000,482960
LB_Obj,Powell,Max,y3,M12,8000,482960
LB_Obj,Powell,Min,y1,M1,8000,482960
LB_Obj,Powell,Min,y1,M2,22536.69473,1360540
LB_Obj,Powell,Min,y1,M3,46500,2807205
LB_Obj,Powell,Min,y1,M4,46500,2807205
LB_Obj,Powell,Min,y1,M5,8000,482960
LB_Obj,Powell,Min,y1,M6,8000,482960
LB_Obj,Powell,Min,y1,M7,8000,482960
LB_Obj,Powell,Min,y1,M8,8000,482960
LB_Obj,Powell,Min,y1,M9,8000,482960
LB_Obj,Powell,Min,y1,M10,8000,482960
LB_Obj,Powell,Min,y1,M11,8000,482960
LB_Obj,Powell,Min,y1,M12,8000,482960
LB_Obj,Powell,Min,y2,M1,8000,482960
LB_Obj,Powell,Min,y2,M2,8000,482960
LB_Obj,Powell,Min,y2,M3,8000,482960
LB_Obj,Powell,Min,y2,M4,8000,482960
LB_Obj,Powell,Min,y2,M5,8000,482960
LB_Obj,Powell,Min,y2,M6,8000,482960
LB_Obj,Powell,Min,y2,M7,8000,482960
LB_Obj,Powell,Min,y2,M8,8000,482960
LB_Obj,Powell,Min,y2,M9,8000,482960
LB_Obj,Powell,Min,y2,M10,8000,482960
LB_Obj,Powell,Min,y2,M11,8000,482960
LB_Obj,Powell,Min,y2,M12,8000,482960
LB_Obj,Powell,Min,y3,M1,8000,482960
LB_Obj,Powell,Min,y3,M2,8000,482960
LB_Obj,Powell,Min,y3,M3,8000,482960
LB_Obj,Powell,Min,y3,M4,8000,482960
LB_Obj,Powell,Min,y3,M5,8000,482960
LB_Obj,Powell,Min,y3,M6,8000,482960
LB_Obj,Powell,Min,y3,M7,8000,482960
LB_Obj,Powell,Min,y3,M8,8000,482960
LB_Obj,Powell,Min,y3,M9,8000,482960
LB_Obj,Powell,Min,y3,M10,8000,482960
LB_Obj,Powell,Min,y3,M11,8000,482960
LB_Obj,Powell,Min,y3,M12,8000,482960
LB_Obj,Powell,Valid,y1,M1,13000,784810
LB_Obj,Powell,Valid,y1,M2,13000,784810
LB_Obj,Powell,Valid,y1,M3,13000,784810
LB_Obj,Powell,Valid,y1,M4,13000,784810
LB_Obj,Powell,Valid,y1,M5,13000,784810
LB_Obj,Powell,Valid,y1,M6,13000,784810
LB_Obj,Powell,Valid,y1,M7,13000,784810
LB_Obj,Powell,Valid,y1,M8,13000,784810
LB_Obj,Powell,Valid,y1,M9,13000,784810
LB_Obj,Powell,Valid,y1,M10,13000,784810
LB_Obj,Powell,Valid,y1,M11,13000,784810
LB_Obj,Powell,Valid,y1,M12,13000,784810
LB_Obj,Powell,Valid,y2,M1,13000,784810
LB_Obj,Powell,Valid,y2,M2,13000,784810
LB_Obj,Powell,Valid,y2,M3,13000,784810
LB_Obj,Powell,Valid,y2,M4,13000,784810
LB_Obj,Powell,Valid,y2,M5,13000,784810
LB_Obj,Powell,Valid,y2,M6,13000,784810
LB_Obj,Powell,Valid,y2,M7,13000,784810
LB_Obj,Powell,Valid,y2,M8,13000,784810
LB_Obj,Powell,Valid,y2,M9,13000,784810
LB_Obj,Powell,Valid,y2,M10,13000,784810
LB_Obj,Powell,Valid,y2,M11,13000,784810
LB_Obj,Powell,Valid,y2,M12,13000,784810
LB_Obj,Powell,Valid,y3,M1,13000,784810
LB_Obj,Powell,Valid,y3,M2,13000,784810
LB_Obj,Powell,Valid,y3,M3,13000,784810
LB_Obj,Powell,Valid,y3,M4,13000,784810
LB_Obj,Powell,Valid,y3,M5,13000,784810
LB_Obj,Powell,Valid,y3,M6,13000,784810
LB_Obj,Powell,Valid,y3,M7,13000,784810
LB_Obj,Powell,Valid,y3,M8,13000,784810
LB_Obj,Powell,Valid,y3,M9,13000,784810
LB_Obj,Powell,Valid,y3,M10,13000,784810
LB_Obj,Powell,Valid,y3,M11,13000,784810
LB_Obj,Powell,Valid,y3,M12,13000,784810
LB_Obj,Powell,Frac,y1,M1,10453.36977,631070
LB_Obj,Powell,Frac,y1,M2,10785.00588,651091
LB_Obj,Powell,Frac,y1,M3,11644.13645,702957
LB_Obj,Powell,Frac,y1,M4,9848.256457,594539
LB_Obj,Powell,Frac,y1,M5,9639.519359,581938
LB_Obj,Powell,Frac,y1,M6,9197.065622,555227
LB_Obj,Powell,Frac,y1,M7,8473.520249,511546
LB_Obj,Powell,Frac,y1,M8,8159.983921,492618
LB_Obj,Powell,Frac,y1,M9,8847.352025,534115
LB_Obj,Powell,Frac,y1,M10,9663.350417,583376
LB_Obj,Powell,Frac,y1,M11,10322.58065,623174
LB_Obj,Powell,Frac,y1,M12,8000,482960
LB_Obj,Powell,Frac,y2,M1,10453.36977,631070
LB_Obj,Powell,Frac,y2,M2,10785.00588,651091
LB_Obj,Powell,Frac,y2,M3,11644.13645,702957
LB_Obj,Powell,Frac,y2,M4,9848.256457,594539
LB_Obj,Powell,Frac,y2,M5,9639.519359,581938
LB_Obj,Powell,Frac,y2,M6,9197.065622,555227
LB_Obj,Powell,Frac,y2,M7,8473.520249,511546
LB_Obj,Powell,Frac,y2,M8,8159.983921,492618
LB_Obj,Powell,Frac,y2,M9,8847.352025,534115
LB_Obj,Powell,Frac,y2,M10,9663.350417,583376
LB_Obj,Powell,Frac,y2,M11,10322.58065,623174
LB_Obj,Powell,Frac,y2,M12,8000,482960
LB_Obj,Powell,Frac,y3,M1,10453.36977,631070
LB_Obj,Powell,Frac,y3,M2,10785.00588,651091
LB_Obj,Powell,Frac,y3,M3,11644.13645,702957
LB_Obj,Powell,Frac,y3,M4,9848.256457,594539
LB_Obj,Powell,Frac,y3,M5,9307.12214,561871
LB_Obj,Powell,Frac,y3,M6,9197.065622,555227
LB_Obj,Powell,Frac,y3,M7,8473.520249,511546
LB_Obj,Powell,Frac,y3,M8,8159.983921,492618
LB_Obj,Powell,Frac,y3,M9,8847.352025,534115
LB_Obj,Powell,Frac,y3,M10,9663.350417,583376
LB_Obj,Powell,Frac,y3,M11,10322.58065,623174
LB_Obj,Powell,Frac,y3,M12,8000,482960
LB_Obj,Mead,Max,y1,M1,105697.261,6380944
LB_Obj,Mead,Max,y1,M2,8000,482960
LB_Obj,Mead,Max,y1,M3,8000,482960
LB_Obj,Mead,Max,y1,M4,8000,482960
LB_Obj,Mead,Max,y1,M5,8000,482960
LB_Obj,Mead,Max,y1,M6,8000,482960
LB_Obj,Mead,Max,y1,M7,8000,482960
LB_Obj,Mead,Max,y1,M8,8000,482960
LB_Obj,Mead,Max,y1,M9,8000,482960
LB_Obj,Mead,Max,y1,M10,8000,482960
LB_Obj,Mead,Max,y1,M11,8000,482960
LB_Obj,Mead,Max,y1,M12,8000,482960
LB_Obj,Mead,Max,y2,M1,8000,482960
LB_Obj,Mead,Max,y2,M2,8000,482960
LB_Obj,Mead,Max,y2,M3,8000,482960
LB_Obj,Mead,Max,y2,M4,8000,482960
LB_Obj,Mead,Max,y2,M5,8000,482960
LB_Obj,Mead,Max,y2,M6,8000,482960
LB_Obj,Mead,Max,y2,M7,8000,482960
LB_Obj,Mead,Max,y2,M8,8000,482960
LB_Obj,Mead,Max,y2,M9,8000,482960
LB_Obj,Mead,Max,y2,M10,8000,482960
LB_Obj,Mead,Max,y2,M11,8000,482960
LB_Obj,Mead,Max,y2,M12,8000,482960
LB_Obj,Mead,Max,y3,M1,8000,482960
LB_Obj,Mead,Max,y3,M2,8000,482960
LB_Obj,Mead,Max,y3,M3,8000,482960
LB_Obj,Mead,Max,y3,M4,8000,482960
LB_Obj,Mead,Max,y3,M5,8000,482960
LB_Obj,Mead,Max,y3,M6,8000,482960
LB_Obj,Mead,Max,y3,M7,8000,482960
LB_Obj,Mead,Max,y3,M8,8000,482960
LB_Obj,Mead,Max,y3,M9,8000,482960
LB_Obj,Mead,Max,y3,M10,8000,482960
LB_Obj,Mead,Max,y3,M11,8000,482960
LB_Obj,Mead,Max,y3,M12,8000,482960
LB_Obj,Mead,Min,y1,M1,105763.0067,6384913
LB_Obj,Mead,Min,y1,M2,8000,482960
LB_Obj,Mead,Min,y1,M3,8000,482960
LB_Obj,Mead,Min,y1,M4,8000,482960
LB_Obj,Mead,Min,y1,M5,8000,482960
LB_Obj,Mead,Min,y1,M6,8000,482960
LB_Obj,Mead,Min,y1,M7,8000,482960
LB_Obj,Mead,Min,y1,M8,8000,482960
LB_Obj,Mead,Min,y1,M9,8000,482960
LB_Obj,Mead,Min,y1,M10,8000,482960
LB_Obj,Mead,Min,y1,M11,8000,482960
LB_Obj,Mead,Min,y1,M12,8000,482960
LB_Obj,Mead,Min,y2,M1,8000,482960
LB_Obj,Mead,Min,y2,M2,8000,482960
LB_Obj,Mead,Min,y2,M3,8000,482960
LB_Obj,Mead,Min,y2,M4,8000,482960
LB_Obj,Mead,Min,y2,M5,8000,482960
LB_Obj,Mead,Min,y2,M6,8000,482960
LB_Obj,Mead,Min,y2,M7,8000,482960
LB_Obj,Mead,Min,y2,M8,8000,482960
LB_Obj,Mead,Min,y2,M9,8000,482960
LB_Obj,Mead,Min,y2,M10,8000,482960
LB_Obj,Mead,Min,y2,M11,8000,482960
LB_Obj,Mead,Min,y2,M12,8000,482960
LB_Obj,Mead,Min,y3,M1,8000,482960
LB_Obj,Mead,Min,y3,M2,8000,482960
LB_Obj,Mead,Min,y3,M3,8000,482960
LB_Obj,Mead,Min,y3,M4,8000,482960
LB_Obj,Mead,Min,y3,M5,8000,482960
LB_Obj,Mead,Min,y3,M6,8000,482960
LB_Obj,Mead,Min,y3,M7,8000,482960
LB_Obj,Mead,Min,y3,M8,8000,482960
LB_Obj,Mead,Min,y3,M9,8000,482960
LB_Obj,Mead,Min,y3,M10,8000,482960
LB_Obj,Mead,Min,y3,M11,8000,482960
LB_Obj,Mead,Min,y3,M12,8000,482960
LB_Obj,Mead,Valid,y1,M1,15000,905550
LB_Obj,Mead,Valid,y1,M2,15000,905550
LB_Obj,Mead,Valid,y1,M3,15000,905550
LB_Obj,Mead,Valid,y1,M4,15000,905550
LB_Obj,Mead,Valid,y1,M5,15000,905550
LB_Obj,Mead,Valid,y1,M6,15000,905550
LB_Obj,Mead,Valid,y1,M7,15000,905550
LB_Obj,Mead,Valid,y1,M8,15000,905550
LB_Obj,Mead,Valid,y1,M9,15000,905550
LB_Obj,Mead,Valid,y1,M10,15000,905550
LB_Obj,Mead,Valid,y1,M11,15000,905550
LB_Obj,Mead,Valid,y1,M12,15000,905550
LB_Obj,Mead,Valid,y2,M1,15000,905550
LB_Obj,Mead,Valid,y2,M2,15000,905550
LB_Obj,Mead,Valid,y2,M3,15000,905550
LB_Obj,Mead,Valid,y2,M4,15000,905550
LB_Obj,Mead,Valid,y2,M5,15000,905550
LB_Obj,Mead,Valid,y2,M6,15000,905550
LB_Obj,Mead,Valid,y2,M7,15000,905550
LB_Obj,Mead,Valid,y2,M8,15000,905550
LB_Obj,Mead,Valid,y2,M9,15000,905550
LB_Obj,Mead,Valid,y2,M10,15000,905550
LB_Obj,Mead,Valid,y2,M11,15000,905550
LB_Obj,Mead,Valid,y2,M12,15000,905550
LB_Obj,Mead,Valid,y3,M1,15000,905550
LB_Obj,Mead,Valid,y3,M2,15000,905550
LB_Obj,Mead,Valid,y3,M3,15000,905550
LB_Obj,Mead,Valid,y3,M4,15000,905550
LB_Obj,Mead,Valid,y3,M5,15000,905550
LB_Obj,Mead,Valid,y3,M6,15000,905550
LB_Obj,Mead,Valid,y3,M7,15000,905550
LB_Obj,Mead,Valid,y3,M8,15000,905550
LB_Obj,Mead,Valid,y3,M9,15000,905550
LB_Obj,Mead,Valid,y3,M10,15000,905550
LB_Obj,Mead,Valid,y3,M11,15000,905550
LB_Obj,Mead,Valid,y3,M12,15000,905550
LB_Obj,Mead,Frac,y1,M1,15680.05466,946605
LB_Obj,Mead,Frac,y1,M2,16177.50883,976636
LB_Obj,Mead,Frac,y1,M3,17466.20468,1054435
LB_Obj,Mead,Frac,y1,M4,9848.256457,594539
LB_Obj,Mead,Frac,y1,M5,9639.519359,581938
LB_Obj,Mead,Frac,y1,M6,9197.065622,555227
LB_Obj,Mead,Frac,y1,M7,8473.520249,511546
LB_Obj,Mead,Frac,y1,M8,8159.983921,492618
LB_Obj,Mead,Frac,y1,M9,8847.352025,534115
LB_Obj,Mead,Frac,y1,M10,9663.350417,583376
LB_Obj,Mead,Frac,y1,M11,10322.58065,623174
LB_Obj,Mead,Frac,y1,M12,8000,482960
LB_Obj,Mead,Frac,y2,M1,15680.05466,946605
LB_Obj,Mead,Frac,y2,M2,16177.50883,976636
LB_Obj,Mead,Frac,y2,M3,17466.20468,1054435
LB_Obj,Mead,Frac,y2,M4,9848.256457,594539
LB_Obj,Mead,Frac,y2,M5,9639.519359,581938
LB_Obj,Mead,Frac,y2,M6,9197.065622,555227
LB_Obj,Mead,Frac,y2,M7,8473.520249,511546
LB_Obj,Mead,Frac,y2,M8,8159.983921,492618
LB_Obj,Mead,Frac,y2,M9,8847.352025,534115
LB_Obj,Mead,Frac,y2,M10,9663.350417,583376
LB_Obj,Mead,Frac,y2,M11,10322.58065,623174
LB_Obj,Mead,Frac,y2,M12,8000,482960
LB_Obj,Mead,Frac,y3,M1,15680.05466,946605
LB_Obj,Mead,Frac,y3,M2,16177.50883,976636
LB_Obj,Mead,Frac,y3,M3,17466.20468,1054435
LB_Obj,Mead,Frac,y3,M4,9848.256457,594539
LB_Obj,Mead,Frac,y3,M5,9307.12214,561871
LB_Obj,Mead,Frac,y3,M6,9197.065622,555227
LB_Obj,Mead,Frac,y3,M7,8473.520249,511546
LB_Obj,Mead,Frac,y3,M8,8159.983921,492618
LB_Obj,Mead,Frac,y3,M9,8847.352025,534115
LB_Obj,Mead,Frac,y3,M10,9663.350417,583376
LB_Obj,Mead,Frac,y3,M11,10322.58065,623174
LB_Obj,Mead,Frac,y3,M12,8000,482960
